feature_0,feature_1,feature_2,feature_3,feature_4,feature_5,feature_6,feature_7,feature_8,feature_9,feature_10,feature_11,feature_12,feature_13,feature_14,feature_15,feature_16,feature_17,feature_18,feature_19,feature_20,feature_21,feature_22,feature_23,feature_24,feature_25,feature_26,feature_27,lipid(%),sample_group
11.1,58.0,9.93,20.81,488.0,0.104,28.9,6.55,9.0,0.82,0.088,1.6,0.195,0.216,27.3,0.305353949,0.37763,22.14,16.62071415,25.22566047,2.61,44.635,0.636,7.8,37.5305,0.715917811,0.230525512,0.319669682,0.341508551,0.0
24.3,62.0,8.22,7.39,396.0,0.074,7.56,4.24,2.0,0.2,0.29,0.72,0.018,0.025,9.1,0.091833195,0.16533,26.39,12.93316528,6.896085553,1.325,32.415,0.4065,9.655,40.17,0.42,0.265298955,0.812205177,13.54468891,0.0
17.8,45.0,8.85,12.09,170.0,0.083,9.89,4.16,1.5,1.12,0.056,1.64,0.006,0.01,16.35,0.233617164,1.03161,32.14,18.70262699,13.04592685,3.23,46.015,0.636,7.8305,38.957,0.264165454,0.915768028,0.39460397,2.427192887,0.0
29.8,91.0,8.91,12.71,433.0,0.078,23.1,5.27,9.5,0.34,0.067,0.83,0.0034,0.011,7.125,0.151840229,0.28175,8.59,14.60416652,10.84689534,2.14,41.64,0.537,6.7635,36.0065,0.237880334,0.987557687,0.21363108,3.569049226,0.0
8.35,54.5,9.6,11.34,151.0,0.116,27.9,7.15,17.0,3.33,0.11,3.72,0.013,0.02,12.5,0.178623692,0.51496,24.1,19.11999683,9.299525647,4.245,47.73,0.8445,7.563,41.7935,0.442024847,0.694726565,0.457324437,4.208456553,0.0
19.9,52.5,9.07,8.02,207.0,0.059,39.4,10.61,9.5,0.22,0.24,0.97,0.006,0.01,6.465,0.14126473,0.13926,6.24,17.15088638,13.32659314,2.48,46.02,0.618,4.976,37.863,0.481760374,0.269515797,0.352419737,11.50799233,0.0
5.1,41.5,8.31,7.48,508.0,0.074,19.6,4.72,12.0,0.68,0.056,1.43,0.003,0.013,11.645,0.203863542,0.57801,24.55,16.97741161,11.01324306,2.81,48.005,0.612,7.26,39.7225,0.322269616,0.655195173,0.5660709,13.12245895,0.0
27.4,77.5,8.17,7.56,427.0,0.08,27.8,5.31,15.5,0.9,0.76,2.38,0.008,0.024,13.75,0.238207472,0.73798,36.68,17.23625689,5.652056277,2.83,38.67,0.583,9.503,40.422,0.144016372,0.454081565,0.792574894,14.88848108,0.0
13.07,62.0,9.25,17.12,567.0,0.138,61.7,7.09,13.5,2.78,0.54,3.87,0.077,0.091,21.27778,0.262768986,0.73073,67.37,3.919407108,6.923528606,4.295,48.81,0.6905,8.0,33.384,0.166905207,0.6020498,0.388626887,0.232392516,0.0
20.7,43.5,8.13,9.15,329.0,0.08,17.9,3.28,1.0,4.27,0.08,4.56,0.026,0.038,15.28889,0.212188375,0.3374,50.16,4.878658994,6.071619504,4.315,49.465,0.5405,6.8205,33.013,0.156237169,0.574774075,0.805160899,1.33174205,0.0
12.57,47.0,8.2,8.42,481.0,0.081,21.9,3.82,5.0,3.93,1.13,5.27,0.011,0.026,7.84667,0.102111845,0.23913,49.91,4.08008658,6.304511278,3.875,47.775,0.4485,7.6125,32.555,0.112100083,0.563068342,0.878200381,0.22163165,0.0
3.88,32.0,8.5,9.09,541.0,0.119,28.0,3.64,1.5,1.96,0.07,2.14,0.025,0.029,7.14889,0.120179557,0.20717,43.68,5.155116337,4.579776938,4.455,49.55,0.4775,8.1735,32.0205,0.164825898,0.602928473,0.857684036,1.822245062,0.0
15.23,48.0,9.17,10.17,185.1,0.098,40.6,6.12,2.5,0.11,0.04,0.17,0.012,0.028,5.54333,0.071312383,0.08472,6.54,2.495107632,17.71449171,2.365,45.855,0.44,7.807,35.948,0.219909388,0.36237378,0.221249912,0.766911726,0.0
6.52,37.0,8.57,9.93,737.0,0.136,45.6,7.38,1.0,4.6,0.78,6.6,0.573,0.683,2.06667,0.025566674,0.12621,8.78,4.527,10.751,6.07,42.51,0.737,4.762,32.582,0.449810522,0.07345,0.14341,1.898,0.0
12.12,28.0,8.18,10.37,493.5,0.049,17.5,2.26,1.5,4.93,0.41,6.16,0.034,0.068,11.145,0.227525596,0.60823,59.3,3.493113692,5.273206646,2.945,37.66,0.379,6.552,33.7975,0.183017323,0.454545493,0.741368275,0.165096233,0.0
46.65,75.0,8.09,10.48,522.0,0.069,24.7,4.01,5.5,3.5,1.48,5.66,0.022,0.258,7.46,0.17017766,0.47093,58.78,2.908316365,4.038279307,3.065,36.975,0.3875,3.3025,32.3025,0.1268314,0.474064194,0.905496299,0.816154811,0.0
4.62,22.0,8.51,11.2,798.0,0.062,14.8,2.91,1.0,3.61,0.09,4.3,0.019,0.054,6.31667,0.138246205,0.45811,57.05,2.475298477,5.17224708,2.795,35.445,0.4515,3.2135,32.244,0.087195914,0.46041755,0.86871756,0.88145216,0.0
14.75,41.0,9.24,12.16,182.5,0.058,52.6,8.79,1.5,0.07,0.0,1.21,0.013,0.073,6.12167,0.115187756,0.09778,13.3,2.429836669,14.6840834,2.435,46.82,0.409,7.8855,38.3105,0.144542091,0.194736895,0.259841565,1.533676534,0.0
3.34,39.5,9.03,16.05,753.0,0.122,32.1,4.1,0.5,7.08,0.1,8.89,0.637,0.837,78.21111,0.458283066,2.481,65.62,5.349,12.321,6.43,45.35666667,0.411333333,12.844,34.27866667,0.4333561,0.557928155,0.249728821,13.674,0.0
2.76,31.0,8.52,14.93,735.5,0.111,33.1,5.52,1.5,12.42,0.17,14.15,1.315,1.711,84.18889,0.451843896,2.514,103.41,4.685,8.779,4.523333333,38.94,0.184333333,11.23633333,34.542,0.456035898,0.952207045,0.249716319,9.347,0.0
7.68,24.5,8.42,12.64,568.5,0.031,19.2,1.69,0.5,6.11,0.48,7.34,0.022,0.081,9.85556,0.133646916,0.601,47.85,3.719,18.571,4.003333333,47.61333333,0.017,10.46066667,33.55533333,0.113169498,0.714729327,0.550322663,5.321,0.0
6.26,25.5,8.15,12.39,550.5,0.033,12.7,2.56,0.5,4.72,1.96,7.43,0.022,0.068,9.37444,0.161922187,0.862,51.49,4.923,16.976,4.25,49.02666667,0.0,10.77433333,33.57533333,0.074192091,0.61504735,0.444006108,10.111,0.0
2.6,17.5,8.7,13.91,897.0,0.031,27.9,1.83,0.5,4.89,0.09,5.83,0.03,0.069,9.48,0.138385997,0.681,48.19,3.583,16.024,4.16,49.09,0.0,10.99866667,33.06333333,0.089034589,0.729421541,0.565546731,8.725,0.0
9.56,39.0,9.17,12.92,194.2,0.054,70.4,11.31,6.5,0.28,0.12,1.29,0.012,0.045,9.57556,0.131905277,0.18,17.84,0.237,27.099,3.6192156862352944,43.8329411767647,0.3078823529117647,8.316666667,40.92366667,0.131931036,0.6,0.198085322,12.859,0.0
8.33,51.0,9.45,7.78,540.5,0.099,39.7,8.27,7.5,1.54,1.56,4.38,0.12344285714285715,1.132,49.76667,0.459171186,0.81181,40.85,1.667,16.258,3.23,45.95666667,0.017,9.534333333,35.17566667,0.437584686,0.256134856,0.125085818,1.215,0.0
2.76,20.5,7.67,7.21,754.0,0.111,19.7,6.74,2.5,8.21,0.44,9.39,0.12344285714285715,2.393,76.0,0.501774507,2.27453,111.7,2.804,6.162,3.98,38.62666667,0.004333333,10.16733333,33.165,0.743359323,0.652891174,0.314467267,6.69,0.0
7.13,33.5,8.04,7.27,367.0,0.04,14.0,4.22,1.0,2.97,0.73,3.91,0.102,0.142,25.38333,0.287890318,1.03397,60.79,3.334,12.403,4.48,49.02333333,0.0,10.65533333,31.55033333,0.17144143,0.530224067,0.822113927,3.988,0.0
5.36,28.5,8.27,7.82,396.0,0.032,13.1,3.79,3.5,2.48,0.27,3.08,0.102,0.137,16.3,0.264079396,0.99305,68.63,2.59,11.487,3.633333333,43.73333333,0.0,9.351333333,31.769,0.167954612,0.567832687,0.890727897,0.82,0.0
4.18,17.5,8.29,7.76,834.0,0.017,20.4,3.58,2.5,0.81,0.07,1.37,0.12344285714285715,0.039,14.61667,0.220009474,0.45736,37.14,1.889,20.556,2.27,44.76666667,0.0,8.682333333,35.51266667,0.084199276,0.305164194,0.622195773,1.184,0.0
3.02,11.5,7.53,7.24,642.0,0.071,14.3,5.57,3.0,6.9,0.12,7.02,0.12344285714285715,0.24,49.88333,0.386530725,1.46706,81.41,2.581,6.001,3.933333333,40.86666667,0.0,10.07766667,33.45633333,0.156922225,0.579861774,0.281381529,6.173,0.0
4.5,21.0,7.8,8.0,666.0,0.1105,61.29787234,5.921,7.5,0.084759576,0.0102183,2.729551451,0.12344285714285715,0.466137319,4.53,0.116796394,0.063065,4.81,0.399,16.792,3.6192156862352944,43.8329411767647,0.3078823529117647,10.37833333,29.84933333,0.206923414,0.0,0.331629873,13.573,0.0
2.9,22.0,7.44,7.64,699.0,0.1415,35.44680851,6.989666667,2.5,2.162999185,0.23780771,3.666226913,0.12344285714285715,6.503035965,12.68333333,0.245996925,0.424892222,61.67,0.702,4.055,2.73,21.66333333,0.0,9.068,24.83533333,1.098674342,0.312799227,0.173899457,1.587,0.0
7.7,39.0,8.09,8.53,376.0,0.073,21.72340426,3.183333333,1.0,2.162999185,1.166744078,3.389182058,0.138,0.195235871,6.12,0.095637814,0.19,27.74,2.123,7.364,3.76,40.93,0.0,8.918,33.04033333,0.186578003,0.318592904,0.477518951,4.241,0.0
8.9,71.0,9.42,9.92,465.0,0.064,29.06382979,2.259,3.5,0.960880196,0.655829076,1.85883905,0.12344285714285715,1.101821579,26.2,0.331878767,0.459200124,34.0,1.18,16.67,3.39,53.6,0.0,9.154,37.587,0.249173306,0.469424292,0.061939459,1.467,0.0
4.3,16.0,8.7,10.69,591.0,0.053,19.38297872,4.024,2.5,5.58190709,0.0,6.5323219,0.012,0.162540869,6.74,0.09845693,0.206,19.07,2.569,9.341,4.325,47.845,0.0,10.61766667,33.95033333,0.11891406,0.202065388,0.168323065,1.424,0.0
2.8,9.0,7.94,8.71,639.0,0.117,19.4893617,5.612333333,3.0,9.212713936,0.024152346,9.978891821,0.12344285714285715,0.258290518,31.1,0.319033574,0.97,44.63,3.474,7.315,5.67,47.28666667,0.0,11.09033333,34.62233333,0.237652026,0.590825079,0.205021726,6.97,0.0
5.8928658238386875,31.7738818653224,8.494958303707193,9.348426853730748,762.9965876442938,0.10410727907555721,38.84624733364741,6.361576978883339,1.4020090872828923,3.584257039465225,0.5897156986860976,5.198328315673649,0.45251596221233004,0.5104040985265449,5.430146030266867,0.07767852237115333,0.2149602061691532,16.380651810228553,3.8200000184984866,13.378799400539172,5.05157697888334,43.11480033887228,0.5394795351150056,5.812673083362686,33.367436422091394,0.3518244931301193,0.13555080776028738,0.2717274877385094,1.6876678427511909,1.0
3.4143470235752953,38.48353678705651,8.999796521672536,15.768294480984233,755.613762547569,0.11851498326990803,31.09515350949015,4.030880501519842,0.5290418060840998,6.878449865776348,0.099419163878318,8.623396220147965,0.6011043276800527,0.7915205316722997,74.03522122999011,0.43969416908614806,2.363503241781071,65.12222344371854,5.182085035250904,11.905774607908436,6.218866069768595,44.78096126719925,0.41366635810811725,12.284625773014154,34.16048588024816,0.4132498660083042,0.5522643868368935,0.28568192285255883,12.972199734891309,1.0
12.679786910947254,40.202230023486415,9.212078050822024,12.463152591075161,187.16695436260446,0.05640446004697284,59.70015279097089,9.795190170407114,3.494424941283956,0.15376584753392616,0.04786619859081494,1.2419107990605434,0.012601115011743208,0.06183122032880985,7.4993748720902484,0.12185612416776766,0.13057632373447337,15.110937846685832,1.555147040036874,19.636207262200042,2.907365860097473,45.62850707637144,0.3686656885286549,8.057485910903015,39.352852956475985,0.13951173047441925,0.35639026387883577,0.23520792673616145,6.016028081586385,1.0
7.247976014997456,24.80424224295954,8.337854594400925,12.563939439260116,563.0236396267284,0.031608484485919075,17.222425420763003,1.9546907513747978,0.5,5.687103282286243,0.9302785195801158,7.367381801866358,0.022,0.07704485084152601,9.709182972067307,0.14224944786932878,0.6804072254124394,48.95744176437272,4.085307660523283,18.085733622479538,4.078379753031433,48.0433290354111,0.011827881869687858,10.556097318180026,33.56141817485919,0.10131092426957321,0.684401858734879,0.517976675843069,6.742722651896859,1.0
6.873361926471804,25.068054981357886,8.266625155033372,12.49798625466053,558.2750103355581,0.03213610996271577,15.507642621173751,2.1842078337813593,0.5,5.3204035759125405,1.3207213724096687,7.39112494832221,0.022,0.0736152852423475,9.582257387369095,0.14970882454079412,0.7492623501344078,49.9177201321427,4.402938197554892,17.664952304734175,4.1434535619242965,48.41618437410617,0.0073430653169159685,10.638846578698889,33.56669442962716,0.09102818779323633,0.658104483413548,0.48992901433144054,8.10764173826366,1.0
13.997965501070663,43.7783444712707,8.247196500789148,7.623889906786674,396.0,0.05115493933711551,10.573372287437621,3.995231492897666,2.815895023674446,1.440160435985158,0.27912139968434074,2.003674837247795,0.06369012132576898,0.08592016176769199,13.016296113637342,0.1855230738284856,0.615551752663875,49.3656038666724,7.307207226003794,9.393221720614948,2.5805717862510322,38.571381226823746,0.1853924485842251,9.489826585025929,35.60044393740732,0.2829049481271367,0.429856132621639,0.8549160413289212,6.522417049724513,1.0
12.058701149531409,50.77167609306366,9.305658638926078,11.634341361073922,158.45664781387268,0.10304898011274748,20.831882782744906,5.976559107185301,10.916945204472295,2.462674122702179,0.08880742200267767,2.903693291954992,0.010252813963310068,0.016075448519014386,14.010952320179463,0.2002061631982141,0.7177219522651218,27.255339390712436,18.95619788763093,10.769820085959994,3.84665802467996,47.056939421010966,0.7626731016214499,7.667981752116365,40.68030097241843,0.3722230125794647,0.7814754250975877,0.432709466834704,3.4883252058230467,1.0
28.05794935354002,81.81464204593829,8.691451827989566,11.024961920151439,421.28075019654193,0.07673305407530183,18.17791508254762,4.943761424390222,7.124476391190937,0.29565689263556416,0.1376322353019228,0.7951589870708003,0.00802435262514831,0.015434310736443585,7.75055455031972,0.13283381220511892,0.24487553886165986,14.227909364906845,14.074899467204105,9.595529750275679,1.8818597678427484,38.71810596116485,0.4956658892067223,7.679343535316187,37.32523233937021,0.2955642761615228,0.7587919977287336,0.40322133320600884,6.792448603510445,1.0
24.192753910106216,76.37312975219947,8.386705816884716,7.969140582278341,433.58785683329535,0.07722616554387565,28.019103413636152,4.7810644421477875,13.419624157906735,0.9105544740850252,0.7419404438551556,2.2896491124814684,0.028013710928518662,0.2108561645865348,15.908389936171762,0.2544467636012993,0.6896494233923203,36.215382728599174,14.452669477633371,7.562178272906028,2.9270842059643525,41.25833427687104,0.48192840700496886,9.442495735925787,39.930511207305464,0.16224686742684966,0.45674145155021934,0.6659085349707247,12.411790055727725,1.0
27.461642690298156,78.6704796397539,8.616642446601041,10.448170747706579,417.26923264382395,0.07629937650203501,16.49307771040606,4.832089449274018,6.311330941315665,0.2804781775712258,0.16180976001154757,0.7832328538059631,0.009607275767572171,0.016952182242877426,7.964682852120208,0.12632788598410416,0.2322533530917293,16.157774565944155,13.893730526531845,9.167185350059446,1.7934979622896356,37.71793705781827,0.4815171583788926,7.992838211091433,37.7766364834443,0.3153095798602834,0.6804851441876025,0.46811837365784215,7.778303059054257,1.0
29.627776891494428,90.0919145187888,8.888393828205665,12.54341328413643,431.8414081791443,0.07787474683017777,22.613391435240622,5.237747308770774,9.26515030658331,0.33561613905622184,0.07398286421758957,0.8265555378298886,0.003857174069851155,0.01143838609437782,7.186843752599728,0.14996121119496736,0.2781045064923239,9.147376605708942,14.551841969478279,10.723182477703386,2.11447966664872,41.35113487709747,0.5329136153345496,6.854042385135247,36.13687289313872,0.24358310036336664,0.9649413880963031,0.23237440575568288,3.874576963065122,1.0
8.653434744680675,39.330035103927926,8.092933645368248,8.575471503207847,372.5529666923083,0.07351338793944344,21.44299145504276,3.1904229759977136,1.0,2.3175290145455,1.0870410347276027,3.475051173815255,0.12978579296890497,0.18370401388295934,6.792456792011938,0.10418576433610958,0.20081048318199474,29.384308228903134,2.3251031561054925,7.269215348597381,3.800704329484444,41.55596658044997,0.039640883038454255,8.764166971002483,33.03832867257617,0.18435277182167778,0.33738152164341395,0.5015485830798507,4.075999260481808,1.0
4.358411996716929,21.08849250205192,7.7681426992613085,7.968142699261309,668.9202525677133,0.1132432675636095,59.01024702097942,6.0155689872223155,7.057537489740403,0.2686681988638129,0.030358256331420145,2.8124402062430174,0.12344285714285715,1.000357584818385,5.2515088664350085,0.1282296722546266,0.09508399618527533,9.841683666672143,0.4258132281217316,15.664871001364702,3.5405267652965184,41.871097108894624,0.28063707316497055,10.262378655106277,29.405631924711678,0.2858366848258411,0.027680386237136333,0.3176719138384699,12.38606879372335,1.0
19.017998172132437,50.53048135524719,9.099114623444173,8.729026712111011,202.80406897422228,0.05882873750915193,41.66066487919453,10.29830226665651,8.129900073215435,0.1943106263727894,0.19889700219646303,1.0111029978035369,0.007198837435936495,0.02078953692342845,6.406200449017132,0.13679872247897962,0.13215603187962202,7.449113185387379,14.629722738595868,13.559080303229596,2.472293187911837,46.15700999267846,0.5822061394127532,5.474288217122462,37.93963996465451,0.4240075308939104,0.2567089759805962,0.3365645686651189,9.644607031684389,1.0
2.76,23.449812351717497,7.908794333234273,9.378814414786579,748.8027115707835,0.111,23.464522429810902,6.397259898181396,2.2190654903126195,9.392734285783874,0.3641476823844072,10.727248266111932,0.45819237883592484,2.201402664393206,78.3005417970339,0.4877472752803237,2.341805387034837,109.37105291469162,3.332437812721963,6.897205611851875,4.132641083503166,38.714692815432265,0.054901544743728534,10.46765232085581,33.551846819839525,0.662640257475926,0.7369793314610362,0.2962764911718269,7.352370114604278,1.0
12.153547789655896,29.416462229915645,8.181491012873595,10.224626244824446,492.56811695400285,0.05138562059775267,17.828022832190992,2.376299004140442,1.760927252879198,4.855449356320229,0.463676463449435,6.093649927125004,0.03228533519536527,0.06486887296544963,10.8991073754317,0.2181759201366555,0.5807133574177966,58.599969455846946,3.536872898622974,5.350091070145529,3.014332098622187,38.414079760820876,0.38418126973574407,6.631060957622396,33.704870825227886,0.1777303971100072,0.4626359412469126,0.7515691965783586,0.1695385875929907,1.0
9.733468615779945,54.242038693394846,9.561036526260585,17.774022774724443,492.55510461406686,0.09716734307889971,26.781876354458912,6.133207927812883,9.683265692110027,0.788114267701532,0.08071183261749304,1.5612816107804317,0.15127099570495822,0.16976568816722146,23.734491863339173,0.2822389779395389,0.42326759312833584,22.688890105995057,16.701953862293596,21.98870806393325,2.6555510461406686,45.402535127470266,0.6305338744631198,7.677012175420195,38.02973946570173,0.6262623755318206,0.3272462486137653,0.37578884825117465,3.271370034064732,1.0
3.9760664543919026,28.34032554697513,8.545745930662811,9.455967445302488,552.4364826657027,0.10390384288127241,26.029031710025773,3.7278321868725968,1.7287296533140544,2.788437553031415,0.05398892426801621,3.144654265430728,0.022026514506917297,0.05954475666962754,7.055364732056416,0.11521094805721949,0.20690238630562255,38.050963231941125,4.563594843808178,5.66880983832214,4.425265145069173,49.16001594109954,0.36828159054253906,8.732553395070866,32.461910108524805,0.15432449921124897,0.5112391985415476,0.7000067400949301,1.7465229053918359,1.0
10.816244212384596,52.16997276446223,9.445859736725962,10.9205950976032,163.2236813433597,0.1095476168862031,32.452514752512265,6.7807802995993995,11.802246936108048,2.1757403540874423,0.08490739900190092,2.447446663667832,0.012641534271455727,0.022867725828354182,10.006272220207915,0.14015626543827545,0.3607337049511121,17.805341806762573,13.160543811671122,12.316002587448624,3.5710844303367675,47.05787675897949,0.6995006128038417,7.650465637764802,39.69808858379446,0.3624040671686195,0.575589481791257,0.3726998104051319,2.929916426600414,1.0
3.256870310494029,18.963324949120363,8.638215168814918,13.028753197307516,864.806851119352,0.04108068298282916,23.640098481449613,2.1811979877888867,0.6625916610133735,4.473765347805763,0.09,5.332469517299077,0.02642298345770578,0.0641222501695988,8.45133784193313,0.13834053897304724,0.6085198893534584,51.07112423315698,3.222793938936773,12.495190935660947,3.7161247654334906,44.65287357094504,0.1468202698950763,8.467060309717493,32.796899795903364,0.08843668255537247,0.6419459295681669,0.6641328283158229,6.242305759380012,1.0
6.0389369754496,24.4285210544751,8.21203299158302,12.198261662379755,555.0678839256587,0.035255745148473475,13.453754841249571,2.725120544868258,0.7255745148473469,4.817212136835119,1.7389369754496,7.328753349051706,0.020872127425763262,0.0786630053289608,9.077308737552777,0.1547641147212814,0.7880115591300701,47.83343711432451,4.657498796024672,16.11486928957025,4.258459044306775,48.893389727101734,0.0,10.756663327088873,33.617628551533876,0.07923615923009655,0.5684682471405722,0.41291257366181733,9.036450595661636,1.0
5.074508407627895,25.588224270746537,8.524352897082986,10.896197011743459,783.4078879656307,0.07970190640234959,22.16782050259956,3.9792908326824685,1.0,3.8468228018692714,0.25505831645434074,4.850194388181135,0.1515250830662388,0.20446620441997154,5.300006456621814,0.11129157646996421,0.37871455763594825,45.503094296737636,2.9660961570770823,6.5067681885361415,3.578428965779661,37.13505363152162,0.5197958686198758,3.583924352216734,32.32485465356749,0.17393874982352275,0.3678491263399117,0.6952131472968033,1.1237730938002422,1.0
4.193998954715483,21.65645076993184,8.31761243116183,10.286159048018698,787.9225559180006,0.0732226081822265,15.922260818222652,3.787195700774032,1.3435492300681586,4.66355097220902,0.17016148701590367,5.465777054031284,0.0429208421050315,0.5897077660862817,22.276439580056945,0.22150611717339003,0.8741297949869364,69.56664361548324,2.5505819137659205,5.398932982415808,3.066403891753845,36.173706089874685,0.34908415722667024,4.8061560576958655,32.454939227261846,0.23747886997389878,0.5045003268890855,0.7417760523831991,2.286388709205477,1.0
11.94155773025645,28.343158211045285,8.183304486476732,10.296538723709563,493.86857733778936,0.04963547816860238,17.5533801661626,2.322531051790474,1.7669008308129994,4.821968711337595,0.4010016291325903,6.03976753050043,0.03321200707093305,0.06660194802907476,11.157709563372046,0.22692412725034838,0.6074618339897935,58.41668534564269,3.835872769832781,5.4191133591231875,2.941568417889547,37.922960866167664,0.3849226565313742,6.569996741734819,33.94810832595876,0.1865569946851729,0.45964583264708214,0.7369123688069679,0.4899101038744987,1.0
15.051796517156218,47.71713732881939,9.17,10.256430260638519,185.3860055897493,0.09661711582978369,41.53658973346468,6.283117473714151,2.625716742746937,0.11534296156674483,0.04251433485493874,0.20520068796914237,0.012,0.028534296156674483,5.670059705401621,0.0732167683168226,0.08771457281223204,6.895149798260097,2.42413714793324,18.009439163625107,2.4044189776939042,45.79144833777504,0.43584764993716946,7.823018408315482,36.104381151686724,0.21714430003857915,0.36984217859241675,0.22052186779953292,1.130683767162161,1.0
2.886066854559412,20.188691092723616,7.509665727202938,7.789084656214287,690.6401127356474,0.13808637936705603,33.2234342373583,6.797760810372086,2.569665727202938,3.1452461944033856,0.20803879739226322,4.545779695808573,0.12344285714285715,5.632946499475019,15.249354282439317,0.25617322753010147,0.5008428815166952,59.29579201692388,1.0882267916130874,4.509220541363154,3.1396344759532746,25.233469630988765,0.0,9.349774644162377,26.198970274270305,0.9787068504358045,0.3515369733215927,0.1782357680041809,2.361384469371044,1.0
10.4467755081855,28.812244898939078,8.244979591915126,10.110081632339494,503.14540817490155,0.06321428573143385,19.632142859715078,2.5402244901339817,1.5,4.326908162537735,0.3409591835901784,5.343693876566228,0.03217244897738708,0.060080612235344,10.33354500922514,0.2057277778502337,0.5267902652078734,56.1281836696429,3.830601984606126,5.132397960226046,3.251622449349502,40.074397962096405,0.3990015306363748,6.881263775907429,33.43666020364631,0.1793233499598293,0.4846763226485948,0.7649874958846168,0.5022798435050284,1.0
4.774037365441572,29.558301312869656,8.368523916846828,10.329631641158482,544.568636542729,0.08669444813950622,22.252616936447037,3.234302371984497,1.1243540481337932,2.9967828271507306,0.7799708490271309,4.127167085372234,0.02387306214440138,0.04365019212278207,7.984908848175836,0.13586000697974887,0.45315423866054816,46.61379488407508,5.067922774643938,9.236367949670814,4.377992579867428,49.35341195310883,0.2981290579838863,9.150492511893207,32.604566846241156,0.13077967529822693,0.6074808800862145,0.7022875969703999,4.9658968904684295,1.0
15.351106666567828,42.34227702243302,9.220157644016208,11.676780271924114,185.35963365648772,0.05811671974108113,51.059299417729065,9.00242992876766,2.4337579286490536,0.08750796116216977,0.028012737859471615,1.1819872621405283,0.012182961812432077,0.06564665631188871,6.161743388705385,0.11823145365345941,0.10262153486004535,12.475958627967211,4.148073779710389,14.525637488332642,2.440252388348651,46.726624207135096,0.4333944258859565,7.545903913324448,38.25826791586619,0.1839021216795838,0.2034650690797713,0.27064726526560445,2.6769933720065557,1.0
6.4528651260002885,27.87587474058327,8.27112302599052,11.960479115525928,549.5682844154576,0.039149322857980236,15.21563207826464,3.0920095987737453,1.1522009091797214,4.423714444115498,1.9227313766183016,7.145826746714549,0.031451589094051435,0.16713453819531776,13.137847018542345,0.18961733948579462,0.8573237194811814,50.49865461804683,4.6196334056729755,16.90910282102985,4.154965010376669,48.74062998554546,0.0015839164937221806,10.65880059779625,33.72443888133409,0.10804994540688262,0.5816069135853198,0.41429180755801986,9.24875068393096,1.0
9.675081734809003,66.4199715670377,9.599678038523905,13.756654587304563,473.10312722754867,0.07809239517834551,29.006110936433366,3.770761692757014,5.437704337022508,0.9112467111291307,0.45577728268133033,1.7676474954953119,0.14865314551726166,0.7897378852806499,26.587540867404503,0.32253381156775773,0.43046216344613386,29.821604829620558,6.619916140941781,19.68424370887473,3.115198294022263,50.441541930653315,0.2240690833356936,8.676972423213005,37.56709449181059,0.4136120062945315,0.3852578916153844,0.15274036279797779,1.061161818082396,1.0
6.2718509506946,31.075850143205084,8.151510893412565,7.536656484247441,381.0600691694105,0.03612136022912814,13.563653025776915,4.011523112315637,2.212074928397458,2.732433314034098,0.5069782131748677,3.507591123772044,0.102,0.1395758501432051,20.979459376255807,0.27634606936870904,1.0141307575719904,64.59106697545442,2.9732865013089165,11.958895746235171,4.069510624087784,46.45858278151098,0.0,10.023115048802374,31.656349485353264,0.169750916128926,0.5484578531574509,0.8553800361099261,2.439635461839405,1.0
7.06957513891146,36.171170495115526,8.138494220083734,8.33871724300305,381.38824667597044,0.06195409431426062,19.40015279302529,3.346776815594241,1.6735308344963036,2.2484031143851833,0.9251501631260166,3.30588459818559,0.12830115598325323,0.17954640908310038,8.862617558068948,0.14101805371533505,0.4063515746569027,38.75627032902154,2.2488155598839095,8.474787052251305,3.7258744376290496,41.68525257485048,0.0,9.034745344556221,32.69782045052886,0.1815606317674476,0.38574117561346705,0.5888425374882873,3.297231586778994,1.0
4.361886939230107,28.057542565870612,7.8963348732955865,8.564784831722914,714.3457745002056,0.13927890105918078,39.54703448534068,7.147297385635043,1.8942457434129387,3.1471482629949246,0.4567645683707909,4.850990603207208,0.3049902923860784,4.15269492547431,8.395940661400491,0.15697921645079715,0.3042735371044123,40.31110491274022,2.2466733542970063,6.759087001404641,4.078812811333856,30.081971377336078,0.2976272580697761,7.329081447424076,27.963717536475745,0.8366396613931062,0.21614135162261816,0.16158671142748124,1.7037939603318262,1.0
6.525956236791195,26.777717953701586,8.444295658172816,11.561880168581249,560.1483675030942,0.05772522399009862,21.87252239900986,2.282206667962413,0.8036957271602116,4.849662732285122,0.3554847518643132,5.760782218766899,0.022911087181480633,0.065207822187669,9.033555886167271,0.1295569366155674,0.48139551177249384,46.58358881774192,4.1551423952518745,14.321925338325189,4.140502569868594,48.2014907226126,0.15685188235727748,9.76606392501775,33.08921100577592,0.12885732596047875,0.6807758853473374,0.6436669986741961,4.226150146199541,1.0
3.8397576525057318,32.66737584464819,8.826973453669545,14.1563870198025,770.5696049709046,0.09857386003879381,25.345462977852215,3.635381557436077,0.6952178330100516,5.725188238910242,0.09609564333979898,7.097900292967727,0.39571075839957626,0.5312888735062592,50.14095643545766,0.33332926102448185,1.6911915955645935,62.273966342207714,4.22700443192451,9.529871892466643,5.0107663540169245,41.48679849232929,0.42701583238195273,9.083909318393395,33.48426023356964,0.29820281722944725,0.5198565369928019,0.4914041015704088,8.719033691634738,1.0
24.4024572719917,62.5122863599585,8.218347463354974,7.395618624593093,397.024572719917,0.07419830439740328,8.228946833907099,4.275364284203587,2.4461848941574034,0.22313551303038387,0.3055338444632577,0.7748642166149103,0.017669492670994515,0.024966949267099452,9.253685907987549,0.0966709721326379,0.18425650219549905,26.730092041546644,13.075385611448702,6.854969473678461,1.3747413530153252,32.62173233429293,0.41233345435694674,9.649976288599117,40.17832878469094,0.4108785388260477,0.2715383586193784,0.8115563817598048,13.75720160478895,1.0
16.175084179392456,50.74258651361605,8.156371141163918,7.947976146716421,386.2109447944487,0.07351054723972243,14.492317309983996,3.7228115831435575,1.5105472397224369,1.1607953695208566,0.7191248090341069,2.026438525971446,0.07673433123330757,0.10832241695920514,7.6414307743728624,0.09369537627135446,0.1774047995960475,27.05076122637471,7.642100044647326,7.1251075706578995,2.516817471275866,36.582690253763445,0.20753745294717063,9.294273315675435,36.680364968509565,0.305750959258849,0.29138382544414165,0.6483920798574196,8.86271836525055,1.0
2.87579447284885,18.853281470350495,7.56102763575575,7.898999140517305,684.47668370931,0.13556964584796824,31.584224389775123,6.6562758728767895,2.62102763575575,3.8694198031319345,0.18609130285709155,5.194240731267061,0.12344285714285715,4.991462410306209,17.14118458114365,0.26367583090398516,0.5568384332068207,57.545378173444035,1.3729772126298792,4.844100185127491,3.4416424982438114,27.86559623864338,0.0,9.557516443279907,27.204328272283053,0.8902593515231592,0.38009685009307626,0.18143276627284896,2.9230109176235044,1.0
3.591981111833733,36.05494573664818,8.927632673317545,15.095227818442496,761.8587109629046,0.11018838538279374,28.6943177853722,3.8657363100920756,0.5984301218100521,6.396894954638238,0.09803139756379896,7.986411481783723,0.5153403694427756,0.6828584292454585,64.05795302666904,0.39528053157612664,2.082773381783327,63.93290771217571,4.7832824180907565,10.913694758588868,5.714413014440922,43.405453554662536,0.4192405528510276,10.948137423816586,33.878121693658095,0.3652109214524595,0.5387321935441562,0.3715830949576411,11.239538977538755,1.0
12.708684410034955,50.382056880054186,9.327582224372815,10.598770238409752,172.6033631369465,0.1045964652063039,35.94582732666336,6.4974643979162785,7.813819193967026,1.290034331349919,0.06565292024673737,1.4709695267988239,0.012366470289239106,0.02506823768608716,8.092742867041007,0.110638789447857,0.24239017724223266,12.975218279038689,8.587635584959138,14.630656662955136,3.053964143769518,46.54213179232332,0.5882372319972181,7.717581249425659,38.09020207574719,0.30130810450420664,0.48417120124837215,0.30776421145873434,2.0102750637541713,1.0
13.024949078530815,46.377941494349926,8.131701408446325,8.164310725932221,382.41560129943474,0.07332078006497174,17.18006652125624,3.5222909350937277,1.3207800649717358,1.5333081788962355,0.8855020556955754,2.5329616640133685,0.0995063922033917,0.14062759724009996,7.075924593615773,0.09441736806998731,0.18208635579714727,27.306946912288154,5.590685520873603,7.213902373290126,2.978900541793823,38.19855774676567,0.1303970964110106,9.154414907884169,35.32738826762942,0.26145512636349233,0.30149726757717965,0.584879620321425,7.230993929810228,1.0
15.891464381519928,48.63738537833826,9.155835880481371,9.865471430349498,188.20194217457953,0.09247599338773507,40.43003056577646,6.755968966386398,3.491488366303961,0.1255805314704908,0.06832823903725604,0.2833129561490242,0.01115015282888232,0.02545045848664696,5.673876440367339,0.08122051703516539,0.09244511078545972,6.497507641444116,4.570969650252405,17.09298451218903,2.381288737446422,45.87837079720573,0.46521213274315787,7.406013776427641,36.21924288878173,0.25699827461774594,0.3492212643052927,0.2398289627853752,2.2631943337854827,1.0
4.265671945819871,21.714251569209573,8.34998087875736,10.439909174097464,789.6180460301475,0.07133444873915396,15.733444873915396,3.63961099328489,1.2857484307904268,4.4862951877573085,0.15667463385109964,5.269639675148849,0.03889625502389345,0.4995770530792054,19.591271466500984,0.20749796622960565,0.8041361097708981,67.46076782846455,2.5379157732637823,5.360793975840162,3.0207412603244372,36.051104172167136,0.3663152177353098,4.538197974683779,32.41944953650532,0.21219435697589806,0.49708357401769776,0.7631334590067438,1.9744104662254223,1.0
2.7844113000606985,29.430702138955077,8.33168425667461,13.658868732553612,729.1356253413178,0.11631817608465224,33.509204619447225,5.7762605285524575,1.6743664290049916,10.631523395587163,0.18182338825170605,12.321981924321175,1.1072324360446095,2.5465701988805383,71.72072142943806,0.415951094745236,2.1497297369435873,96.13194525333165,3.9904985132731188,7.95529298938042,4.2106362037091705,35.92752932764254,0.15219178797820204,10.858248790355399,32.84948319521033,0.5680904686216042,0.8407157870974665,0.23649640351469575,7.920418505255438,1.0
15.074331256178855,45.729830819274966,9.192701691807251,10.815376667091831,184.25679430430213,0.08502760468157124,44.49171859552863,6.9859073875051205,2.175690117039281,0.09702760468157123,0.02702760468157123,0.507282278279148,0.012324309882960719,0.042593944733232365,5.730891377711503,0.0855416000824879,0.088955487071467,8.732334808814462,2.4739396136287364,16.73170034566071,2.3877016918072504,46.167959037057095,0.4299463936282177,7.832458325812417,36.714182098494696,0.19546702873086425,0.3080074814457504,0.2337655664676907,1.0313219725032972,1.0
12.713047750640389,61.17162980106419,9.265061276344287,16.416638394721776,565.0043808843819,0.13506305111286396,60.04325960212839,7.178861530431296,13.048161709671376,2.6866200866654175,0.616812509355866,3.9084062546779332,0.08049744352823418,0.16939394337201608,23.423175225160037,0.27755932504413006,0.7368358414299742,65.37287475674749,3.749786478532873,7.6264738719644,4.214798703466669,48.59512579107252,0.639781151910612,8.115545091662822,33.5189239341686,0.18728909916973374,0.5760001971839863,0.36878056265861037,0.3052961022907036,1.0
12.735727104834588,28.838087863516527,8.178395150899648,10.371961482233761,494.0082022151111,0.04935663313341129,17.62838792802806,2.2912053991734878,1.5713266266822576,4.904500730961093,0.4290798726375038,6.151084171664718,0.03378602011995323,0.07138801476740725,11.07929034516897,0.22650298729448248,0.6057817135391316,59.29072753853131,3.4826857868430725,5.251185845677858,2.9471397988004675,37.64778531518066,0.3791515690816998,6.494056031649,33.7708416732775,0.18201543491134525,0.45489354377488744,0.7442949495739861,0.1776883848746133,1.0
22.754494054422075,59.858636340464315,8.207896640185234,7.496137155298725,394.137944643882,0.0739068972321941,8.878652138159863,4.141621408654066,1.9068972321941007,0.3827606573242244,0.3716273003192312,0.9685082373776461,0.029172332136707904,0.040849430769948014,8.82255375193842,0.09218741555934692,0.16762684528177155,26.515688736537964,11.926708971992767,6.939649683112067,1.5517052396073645,33.20777006786723,0.36865372488690196,9.586383260127052,39.506208299489536,0.3982677660125197,0.27026076915920644,0.7810449630128893,12.495914214741514,1.0
3.9950986148744994,27.61529086192383,8.554808864225953,9.528470913807617,554.702216056488,0.10091307480543579,25.6385542531617,3.745233019313828,1.7740443211297605,2.9525630696741167,0.05081689752091676,3.3436908732688804,0.021437423825313114,0.06559611678818329,7.036836017533252,0.11422659443062999,0.20684936814427818,36.93576925699659,4.4464058410642515,5.88456307977315,4.419374238253131,49.082754432473756,0.3466438366605393,8.843309995808138,32.54935986481343,0.15224401952347044,0.49307422100519344,0.6687685766889524,1.7335067113711733,1.0
15.795719847145907,47.33962663757287,9.099560174674439,10.592638951953361,181.7761207424501,0.09469813318786437,33.839978013287634,5.688556069880943,2.2798755458576236,0.3323256986838,0.04352199126627802,0.4935829475892928,0.010679253275145743,0.02403775982543723,7.922142334846793,0.10703963432232289,0.2931536443828745,12.175186026044827,6.062778983681744,16.686826418564223,2.5554076528331553,45.89021991266278,0.4831443930119057,7.812172924672346,36.61035448251441,0.22965123037073898,0.4841893867665307,0.2594093793906158,1.1246797449157746,1.0
25.326136410385892,67.13068205192945,8.203449412735711,7.446271996698581,406.2613641038589,0.07598607047171463,14.259677724584012,4.594182567455776,6.468658561357914,0.43170822170004003,0.4455755202843125,1.2694794971743804,0.014689882547142284,0.024668988254714228,10.639204615578837,0.14028479989471293,0.35488387593789694,29.796110858990588,14.35753914395066,6.484297251164645,1.823172676655086,34.4854784667625,0.46492357304293863,9.604686214716562,40.25341495981201,0.3286461776254209,0.3277882162157031,0.8057073227637164,14.021991032228605,1.0
6.142661547217245,24.931267703348894,8.182926606648222,12.288226852178223,552.9245955804599,0.03419733115084443,13.10008693009432,2.6476446402418126,0.6197331150844432,4.771599410399533,1.8426615472172456,7.376259102371957,0.021401334424577784,0.07365983637408013,9.21672514614847,0.15812274053987763,0.8227275382523026,49.54912620448118,4.782074123545611,16.518918833165138,4.2544899918156664,48.95592435430472,0.0,10.764954236384161,33.59778328907833,0.07686944133053995,0.5903235416080275,0.42750191324282577,9.57722504100049,1.0
5.058030265976692,17.90628913041476,8.637204593351044,11.12732515344809,585.9539405371374,0.04806607519186768,19.341942208819624,3.5005554317190537,2.05146138107888,5.700342122256718,0.1076492685410687,6.713459309753417,0.014242693094605598,0.14425375461655604,7.438724489782942,0.10634896386014676,0.2945863772369211,25.524470726274913,2.8269097058796437,11.411005726320967,4.25286003871543,47.793044275894076,0.0038125782608295165,10.582456388414693,33.86174695276308,0.11762573104710662,0.3170401755848606,0.2539938510576714,2.25352151117345,1.0
15.898635672045014,50.359555449218995,8.154206182973846,7.9669611646908844,385.8778743036687,0.07349389371518343,14.728187910383713,3.7052143588751276,1.4938937151834346,1.1934862246182956,0.7337256880515051,2.0708898148734143,0.07873275417798786,0.11115744421432208,7.591803271246635,0.09375873658723252,0.17781564204642467,27.073243484502363,7.462072691886173,7.132899995383168,2.5573688035283366,36.72449501521305,0.20076779522206617,9.28199966809019,36.56163088966581,0.3018636603038665,0.2922713575315935,0.6428183745798626,8.795164452446297,1.0
14.062611401335607,72.81389049236115,9.07117490531516,9.261418221235026,454.3957171215809,0.06846496121196594,28.711145353070183,3.1104122911067535,6.84872090897445,0.9438909638926948,0.6848990219421657,2.0042742641838323,0.09122736468402082,0.8010446075215705,22.725702056939006,0.3057388483218989,0.536996457313542,34.747881003004295,5.660660263950671,13.595331790073844,3.2337263575811925,49.433633069084294,0.16269202416100864,9.251391966436007,38.378135314745215,0.21982820403254616,0.4651427494412011,0.26583063883517843,5.1544117200003114,1.0
6.839545020840926,35.138984067875946,8.156188844550698,8.268921779827801,383.3543160611887,0.05792365207456322,18.55244223742796,3.4064142536452953,1.9192895076485839,2.2795653942582197,0.8369971092194387,3.2754909292509615,0.1247622310898604,0.17382162092836945,9.863346875145034,0.15757644559373143,0.4852941756468781,42.77589918710024,2.2947232800287556,8.880092256014045,3.713422664823233,41.96082996668422,0.0,9.077343514536516,32.57284397360283,0.17972988782274518,0.41024231096020397,0.6294624104097322,2.956509628796924,1.0
19.363704238057068,74.67643662418222,8.712992956888035,8.58517070260461,443.5069858893963,0.07304969015183314,28.349000539740228,3.9846627908276817,10.287267613874857,0.9264460141135705,0.714748737564385,2.1536106197959377,0.058147726681282486,0.4921996209431534,19.158209850604837,0.2788977547580652,0.616879592647904,35.51582310043205,10.261509365796002,10.438188949782194,3.0732608446858403,45.155507877070704,0.3297480849074201,9.35139636643686,39.19049197377794,0.18969595162395203,0.4607463591603647,0.475190977793739,8.984367061906491,1.0
5.228607224283854,29.33827521522924,8.471608268962445,10.349883064791495,550.7596575441595,0.0877690958586897,24.876909585868972,2.9479515559596017,1.1451033620305648,3.432821047573156,0.2155076215674684,3.985462517441063,0.023935310086091694,0.047454625174410625,8.109478083092732,0.12495907743142742,0.3469389429315026,45.15991898033255,4.64544347726572,9.545214963784227,4.294705018398839,48.86268350994954,0.3140700982150751,8.98520776165875,32.56520718866043,0.14649321531039566,0.6426062202067117,0.7486025180806305,3.089988623266694,1.0
4.323749138312076,26.050304749639594,8.63035191256072,12.3225130306144,787.5849306437839,0.07588675914162146,18.804015552500857,3.1854207229754925,0.8842770071531545,4.413117570357108,0.09231445985693691,5.362337074334041,0.16203361915870107,0.23522220679816008,22.956349531695928,0.21231745175245978,0.9262997699999107,59.033492097394934,3.140405158580196,6.8267972460500514,3.6363061579965668,37.73901546230545,0.4422035861641548,5.442440565223091,32.71491543299625,0.16731329945668144,0.4829859880898132,0.7254551011688501,3.857387475957265,1.0
6.432464296304916,36.30892865503881,8.567235714620155,9.988510707206714,739.8103568028422,0.13259071469819148,44.18100017167969,7.174060739201566,1.0,4.554389291232561,0.7482107181317853,6.494035727105951,0.5474764316594334,0.6540210749346275,2.2624735477390043,0.030757980335851073,0.14150110529284127,11.003867588085107,4.432475191269432,10.493978914424629,5.919116089683474,42.18450539652328,0.7238466087342387,4.690658401488506,32.566427859026874,0.433104351009791,0.09127814568232245,0.17682595139998125,1.847029526927089,1.0
11.782275729766862,39.85636829663463,9.199972890382211,12.594580047278841,189.19024546468742,0.05571273659326926,62.778322159951806,10.230975946240367,4.359079258413429,0.190081328853364,0.06861790220192228,1.2557452681346148,0.012428184148317313,0.0569891561528848,8.096659051968311,0.12474709950863817,0.1447946993253504,15.896043966639393,1.1759379015147415,21.783129509198513,3.112153301200631,45.11195241496542,0.3511793265100915,8.13204793490779,39.80475012499486,0.13733088984455782,0.42647276254114463,0.2245283663122321,8.06686514363134,1.0
2.9314694660543266,21.980331583716044,7.447080629862224,7.647080629862224,698.3509422626295,0.1408902790951974,35.95525799479151,6.968647686124658,2.598342081419772,2.1221235032323853,0.23333138674230042,3.6478039900904187,0.12344285714285715,6.384299729366431,12.52297017596372,0.24345575517218407,0.4177756535748372,60.55165385009436,0.6960404698659618,4.305516618208726,2.747489464283098,22.09937440598219,0.006055558283551921,9.09377218140518,24.933950769247748,1.0811350135264934,0.3066469615900649,0.1770017644825293,1.8187819500193463,1.0
3.329559771024251,21.73152514310984,7.536650948480457,7.736650948480456,690.1403297226249,0.13317727943640512,42.387169172217554,6.702756536513894,3.842374284450784,1.6050441033902696,0.17670567572053478,3.4147531023870283,0.12344285714285715,4.882280464954769,10.494368331050504,0.21130983092964273,0.32775071035458697,46.40451963722568,0.6206521183622824,7.474564252209928,2.9687320541065034,27.61531562397105,0.08265867063699078,9.419791553250153,26.18146626244725,0.8592616392235355,0.22882049929582332,0.21624610786282492,4.78210380598537,1.0
16.36902075548204,46.67040378737505,9.028176403986672,11.020941576079968,178.40769906312107,0.09135201893687525,26.989366770095934,5.251330474418366,2.0568012624583503,0.5576307249170664,0.0470911798006664,0.8215021441862251,0.009340807574750101,0.020022422724250304,10.332832501029223,0.14324565703617392,0.5043804525908128,17.885887681066237,9.67825975014745,15.645389657916692,2.7483669079735273,45.92591179800666,0.5268669525581634,7.817415170332229,37.281585001262826,0.23952362057975995,0.6076374120764108,0.29808021165332194,1.5053487103719099,1.0
13.047090975384293,44.53506504029253,9.17,11.228730126577283,188.60343423703756,0.08106031797476347,52.072784644364745,8.118112493431308,4.039971093203321,0.17544877146114113,0.07079942186406643,0.6011919060969299,0.012,0.034544877146114115,7.095709410286807,0.09464020930338324,0.1214021114401031,10.890418338299382,1.6257525123445493,21.327459582631732,2.84786397536113,45.076521965865226,0.3891356606455199,8.003217983587321,37.863595710303805,0.18603835827308335,0.4538581574467932,0.21233171225352332,5.443171306371538,1.0
5.985435330136413,24.16920185525302,8.227046208380088,12.151857174097909,556.1734026170792,0.03580168030473048,13.636178492837846,2.765082998306271,0.7801680304730481,4.840739405928028,1.685435330136413,7.304249647362106,0.02059915984763476,0.08124366453347023,9.005397066900292,0.1530317189714221,0.7701048860048403,46.94847622603189,4.593242228133223,15.906458543669139,4.2605063011427395,48.861134058195226,0.0,10.752386835213503,33.627864835713694,0.08045692398680336,0.5571951785427824,0.4053873204039367,8.988138359887769,1.0
4.5598866141655074,21.385204008510872,8.479943307082753,10.73002261983942,802.918367931913,0.0558520400851087,15.565079456075361,3.0015362920661595,1.2049319971630432,3.227460271962319,0.08726757337115942,3.8996994988748552,0.03326912220246675,0.05195068002836957,7.450627050968839,0.14941681167383278,0.45800753400141847,54.3298692909892,2.395197598449826,7.273995886505599,2.723273800992935,36.718538511714186,0.389815468853924,3.960659291389008,32.690569592495585,0.08678650932659022,0.43920662979243674,0.8350374252305918,0.9232605998796588,1.0
2.9012093743439484,17.5,8.62183807374619,12.73757110619286,884.9897527951464,0.02833105617669919,26.47020866608885,2.163617977912601,0.8812776890429728,4.112193514352336,0.08618722310957028,4.979750753434171,0.047813838314500604,0.06328083466435541,10.459248833488184,0.15394660234110613,0.6383655288112149,46.083440768037576,3.260057797380602,16.88797524337138,3.799692583854391,48.26580472948757,0.0,10.557083559107722,33.530271407785555,0.08811279051678028,0.6485416105881687,0.5763462389101291,7.309578875710465,1.0
15.254213309154519,48.02333188248294,9.169481513722602,10.158852545035929,185.2135484947503,0.09779779035181452,40.593778164671214,6.143280033855201,2.5362940394179074,0.11057033490513854,0.04103697255479736,0.17414789021918944,0.011968890823356079,0.027906672470068238,5.5481087324729,0.0716750763199133,0.08500278241569324,6.538444541167804,2.5710958336542915,17.69174105804838,2.3655962592190085,45.855855502357706,0.4409229055737697,7.792321653486844,35.95792901221218,0.22126704942964315,0.3618923241006758,0.22193000954271286,0.8247185508828783,1.0
2.842740269772649,9.485684883780106,7.860347679060063,8.424417288337299,639.5828218605361,0.10806339813844607,18.481203886337028,5.604109069032748,3.0,8.763413856310883,0.04277304867743431,9.404056208919883,0.12344285714285715,0.25473714675635684,34.74911177922135,0.3321465123755693,1.0665658113326957,51.77539601017291,3.3005133595137464,7.059724025085177,5.332610900669328,46.03942788845269,0.0,10.893598574371964,34.39580990020496,0.22196832839348957,0.5886951943940917,0.2198564468182107,6.8038975382749305,1.0
5.877809201982082,31.930072647226964,8.549720290588908,10.35925384920145,757.6177045679436,0.11098835839298636,35.189749168972696,5.869161648873635,1.0,4.265384794716979,0.5467833417724404,5.8226111392414674,0.38575068310424915,0.47040104634038404,3.503149416619027,0.0636518097543025,0.23839059255902473,25.095026221223634,3.8335348219210803,8.865408531768637,4.96306586131122,40.122064216843896,0.6405023827188865,4.238614499615396,32.46775763698418,0.32724854069238185,0.2042431577587045,0.38856044250780475,1.543730221680486,1.0
